Date,open,high,low,close,volume,dividends,stock splits
2023-01-03 00:00:00-05:00,239.15520429761872,241.78209237051,233.56690642131554,235.7117156982422,25740000,0.0,0.0
2023-01-04 00:00:00-05:00,228.52957274245693,229.11004291520683,222.31162417160007,225.4009246826172,50623400,0.0,0.0
2023-01-05 00:00:00-05:00,223.53157974667658,223.87593458070262,218.1794126873155,218.7205352783203,39585600,0.0,0.0
2023-01-06 00:00:00-05:00,219.39941748911133,222.11484882127704,215.80835679526612,221.29824829101562,43613600,0.0,0.0
2023-01-09 00:00:00-05:00,222.79371579734973,227.50638445182588,222.75436824625874,223.45289611816406,27369800,0.0,0.0
2023-01-10 00:00:00-05:00,224.08254092830623,227.57522499630332,223.65949099112012,225.1549530029297,27033900,0.0,0.0
2023-01-11 00:00:00-05:00,227.55553529446362,232.14029753488452,227.37844881914944,231.9632110595703,28669300,0.0,0.0
2023-01-12 00:00:00-05:00,231.46144119222973,236.0265222554612,229.78889272308874,234.65896606445312,27269500,0.0,0.0
2023-01-13 00:00:00-05:00,233.17336543655554,235.50509428694716,231.1269476008542,235.3673553466797,21333300,0.0,0.0
2023-01-17 00:00:00-05:00,234.12770703910064,237.02023982375786,233.2619108280689,236.4692840576172,29831300,0.0,0.0
2023-01-18 00:00:00-05:00,237.66960226729296,238.46652155260008,231.7172829584752,232.00259399414062,30028700,0.0,0.0
2023-01-19 00:00:00-05:00,230.00534676888293,231.71725783452027,226.9553938963196,228.18521118164062,28623000,0.0,0.0
2023-01-20 00:00:00-05:00,231.06792738702072,236.85299311880186,230.72357251730264,236.3413848876953,35389800,0.0,0.0
2023-01-23 00:00:00-05:00,237.20716954656385,241.21144691478193,235.78056945228522,238.66326904296875,31934000,0.0,0.0
2023-01-24 00:00:00-05:00,238.58456791948572,240.01115305507722,236.55783131151753,238.13198852539062,40234400,0.0,0.0
2023-01-25 00:00:00-05:00,230.6940533159615,239.3716517336312,227.1718546280861,236.72508239746094,66526600,0.0,0.0
2023-01-26 00:00:00-05:00,239.71598774705066,244.30075035222444,238.0926348778509,243.99575805664062,33454500,0.0,0.0
2023-01-27 00:00:00-05:00,244.96978350702662,245.79621716500495,242.8446555187233,244.15318298339844,26498900,0.0,0.0
2023-01-30 00:00:00-05:00,240.56209308604045,241.63450516356798,238.28939315473593,238.79116821289062,25867400,0.0,0.0
2023-01-31 00:00:00-05:00,239.519234192288,243.94657683914144,239.0273072315265,243.808837890625,26541100,0.0,0.0
2023-02-01 00:00:00-05:00,243.99574649557985,251.05980969219294,241.50659754079177,248.66905212402344,31259900,0.0,0.0
2023-02-02 00:00:00-05:00,254.64105436023115,260.4162715128124,253.0963966480028,260.3277282714844,39940400,0.0,0.0
2023-02-03 00:00:00-05:00,255.34942306481736,259.93418536512996,252.9488173964162,254.1786346435547,29077300,0.0,0.0
2023-02-06 00:00:00-05:00,253.28334080672707,254.129440716698,250.666285929055,252.6241455078125,22518000,0.0,0.0
2023-02-07 00:00:00-05:00,256.3234379530733,264.43038393039234,255.8806917182153,263.23992919921875,50841400,0.0,0.0
2023-02-08 00:00:00-05:00,268.7889065089116,272.2914241084485,261.91174710026456,262.4233703613281,54686000,0.0,0.0
2023-02-09 00:00:00-05:00,269.37911784200617,269.5562343181943,258.5567276726442,259.3634948730469,42375100,0.0,0.0
2023-02-10 00:00:00-05:00,257.3073317819656,259.825995584377,256.451383618039,258.85198974609375,25818500,0.0,0.0
2023-02-13 00:00:00-05:00,263.31863435875414,270.16624811152997,262.83652560016196,266.939208984375,44630900,0.0,0.0
2023-02-14 00:00:00-05:00,268.2673784677567,270.530229772787,264.9321003003074,267.77545166015625,37047900,0.0,0.0
2023-02-15 00:00:00-05:00,264.6489051940905,267.02593565503673,262.5381698096659,265.6352233886719,28922400,0.68,0.0
2023-02-16 00:00:00-05:00,260.4076728209646,263.0904590395369,258.31668343443744,258.5632629394531,29603600,0.0,0.0
2023-02-17 00:00:00-05:00,255.84107105146936,256.53147567397895,252.49743818375117,254.5292510986328,30000100,0.0,0.0
2023-02-21 00:00:00-05:00,250.9982461928277,251.99443718648416,248.1477872550779,249.2130126953125,28397400,0.0,0.0
2023-02-22 00:00:00-05:00,250.61355003452212,250.86012954733897,246.91485734226947,248.06884765625,22491100,0.0,0.0
2023-02-23 00:00:00-05:00,252.06345593176604,253.32594191932378,247.0529580842625,251.28427124023438,29219100,0.0,0.0
2023-02-24 00:00:00-05:00,246.54009203253247,247.56585628917176,244.70553966679515,245.81021118164062,24990900,0.0,0.0
2023-02-27 00:00:00-05:00,249.00588520460076,249.36096033836793,245.97788127913898,246.7373504638672,21190000,0.0,0.0
2023-02-28 00:00:00-05:00,245.66228971361696,248.0491780333816,245.32693007611238,246.0074920654297,22491000,0.0,0.0
2023-03-01 00:00:00-05:00,247.32911703155798,247.49678929963613,242.42711495590888,242.9005584716797,27565300,0.0,0.0
2023-03-02 00:00:00-05:00,243.17673864636473,247.96037256032474,242.24959719355036,247.67434692382812,24808200,0.0,0.0
2023-03-03 00:00:00-05:00,248.73957247462036,252.1226364482334,247.95051495788212,251.79714965820312,30760100,0.0,0.0
2023-03-06 00:00:00-05:00,252.92154740586594,256.56106366398126,252.47770726341727,253.35552978515625,24109800,0.0,0.0
2023-03-07 00:00:00-05:00,252.7933226938157,254.16431933176884,249.92314839607042,250.67274475097656,21473200,0.0,0.0
2023-03-08 00:00:00-05:00,250.56424163422204,251.05740068054592,247.3784384089754,250.22889709472656,17340200,0.0,0.0
2023-03-09 00:00:00-05:00,252.31991130747735,256.00873148264196,248.13791701716175,248.8677978515625,26653400,0.0,0.0
2023-03-10 00:00:00-05:00,247.64476514837403,249.33136077212063,244.212382169328,245.18882751464844,28333900,0.0,0.0
2023-03-13 00:00:00-04:00,244.01507918481394,254.3812915068127,242.36792984978123,250.4458770751953,33339700,0.0,0.0
2023-03-14 00:00:00-04:00,253.23718999570187,257.4980917115578,252.3593674269289,257.221923828125,33620300,0.0,0.0
2023-03-15 00:00:00-04:00,256.4229999766593,262.83406786424365,255.66351574748856,261.80828857421875,46028000,0.0,0.0
2023-03-16 00:00:00-04:00,261.5814540500635,272.77617218170525,259.6778670559726,272.4211120605469,54768800,0.0,0.0
2023-03-17 00:00:00-04:00,274.4528971827675,279.4535073114165,272.53943756981755,275.60687255859375,69527400,0.0,0.0
2023-03-20 00:00:00-04:00,273.1904128378011,273.6835719142719,266.1579595913203,268.5054016113281,43466600,0.0,0.0
2023-03-21 00:00:00-04:00,271.1191356636067,271.2374890246291,265.83245477095994,270.0341796875,34558700,0.0,0.0
2023-03-22 00:00:00-04:00,269.65934324244984,277.1948274357684,268.456034042471,268.5645446777344,34873300,0.0,0.0
2023-03-23 00:00:00-04:00,274.13731294177774,277.214621246823,271.4348104097911,273.86114501953125,36610900,0.0,0.0
2023-03-24 00:00:00-04:00,273.446836403508,276.7904694060669,271.5136612424645,276.7312927246094,28172000,0.0,0.0
2023-03-27 00:00:00-04:00,276.66222806583613,277.60908501730165,271.7503530737867,272.5986022949219,26840200,0.0,0.0
2023-03-28 00:00:00-04:00,272.0166912251704,272.36190859794345,268.32784087331277,271.46435546875,21878600,0.0,0.0
2023-03-29 00:00:00-04:00,275.1433079190786,277.29350440292745,274.6008449662974,276.672119140625,25087000,0.0,0.0
2023-03-30 00:00:00-04:00,280.3412564560641,280.5680903971599,277.62888117739845,280.1636962890625,25053400,0.0,0.0
2023-03-31 00:00:00-04:00,279.84801834399406,285.31219841867824,279.1279953644612,284.35546875,32766000,0.0,0.0
2023-04-03 00:00:00-04:00,282.5998329031126,284.325889466506,280.0650184260436,283.3001403808594,24883300,0.0,0.0
2023-04-04 00:00:00-04:00,283.3001884623943,286.4761342820592,281.7615344727472,283.2508544921875,25824300,0.0,0.0
2023-04-05 00:00:00-04:00,281.9390877912135,283.22128952171335,279.04918244013385,280.4497375488281,22064800,0.0,0.0
2023-04-06 00:00:00-04:00,279.33515825227767,288.0837955338459,278.17131004504324,287.6103820800781,29770300,0.0,0.0
2023-04-10 00:00:00-04:00,285.2530428972823,285.63772139570335,280.8146115464859,285.43060302734375,23103000,0.0,0.0
2023-04-11 00:00:00-04:00,281.84038916361027,282.0672531562564,277.78663633442005,278.9603271484375,27276600,0.0,0.0
2023-04-12 00:00:00-04:00,280.8935904623744,283.08321824075125,278.10229288315924,279.6113586425781,27403400,0.0,0.0
2023-04-13 00:00:00-04:00,279.70996220944426,285.93362736494225,279.29572544000456,285.87445068359375,24222700,0.0,0.0
2023-04-14 00:00:00-04:00,283.0733168405744,284.53307857876393,279.8086060822283,282.22509765625,20987900,0.0,0.0
2023-04-17 00:00:00-04:00,285.9632076307391,287.61037214853826,282.24479912414546,284.8486633300781,23836200,0.0,0.0
2023-04-18 00:00:00-04:00,287.58079067185605,287.7681935286541,283.0831823087849,284.424560546875,20161800,0.0,0.0
2023-04-19 00:00:00-04:00,282.0770844545925,285.09521522573914,280.6469413676324,284.5034484863281,17150300,0.0,0.0
2023-04-20 00:00:00-04:00,281.347245946029,285.0755272649931,281.1795586202905,282.1954650878906,23244400,0.0,0.0
2023-04-21 00:00:00-04:00,281.1105117206975,282.35325197205634,279.1871795197305,281.8502502441406,21676400,0.0,0.0
2023-04-24 00:00:00-04:00,278.2304544386979,281.0513397068863,274.90656743425353,277.9148254394531,26611000,0.0,0.0
2023-04-25 00:00:00-04:00,275.685801623626,277.74720298912615,271.60242994743777,271.6517639160156,45772200,0.0,0.0
2023-04-26 00:00:00-04:00,292.6405857688407,295.47131383656125,288.7249017953635,291.3287658691406,64599200,0.0,0.0
2023-04-27 00:00:00-04:00,291.9205683836729,301.0242952553271,291.21041814980555,300.6593322753906,46462600,0.0,0.0
2023-04-28 00:00:00-04:00,299.8505878659069,304.7032562666543,299.16015312675654,303.0561218261719,36446700,0.0,0.0
2023-05-01 00:00:00-04:00,302.77010684100475,304.37781036433915,300.9750004468495,301.37939453125,21294100,0.0,0.0
2023-05-02 00:00:00-04:00,303.5492991043437,304.9498540934286,299.75196801132864,301.2314453125,26404400,0.0,0.0
2023-05-03 00:00:00-04:00,302.4248261808712,304.3875894067413,299.9294427967111,300.2351989746094,22360800,0.0,0.0
2023-05-04 00:00:00-04:00,302.05007617512933,303.5492991043437,299.24893609691674,301.2314453125,22519900,0.0,0.0
2023-05-05 00:00:00-04:00,301.53717811037285,307.7016663861311,300.10700479038076,306.39971923828125,28181200,0.0,0.0
2023-05-08 00:00:00-04:00,305.8868858799113,305.9559353819166,301.90215169335187,304.4271240234375,21318600,0.0,0.0
2023-05-09 00:00:00-04:00,303.78600080160834,305.79809832583857,302.1191206619338,302.7996826171875,21340800,0.0,0.0
2023-05-10 00:00:00-04:00,304.3974712978889,308.71754916612383,303.46048721188043,308.0369873046875,30078000,0.0,0.0
2023-05-11 00:00:00-04:00,305.8572227175548,306.86325625765073,302.06976514891244,305.8670654296875,31680200,0.0,0.0
2023-05-12 00:00:00-04:00,306.30104498806094,306.39968280875354,302.4051069210152,304.74267578125,19758100,0.0,0.0
2023-05-15 00:00:00-04:00,304.8709530895723,305.65999558742567,303.3816030173291,305.22601318359375,16336500,0.0,0.0
2023-05-16 00:00:00-04:00,305.59089098145574,309.41780961599056,305.59089098145574,307.4747619628906,26730300,0.0,0.0
2023-05-17 00:00:00-04:00,308.69063785690577,310.805957105948,307.15848464072695,310.38092041015625,24315000,0.68,0.0
2023-05-18 00:00:00-04:00,310.90481320496065,315.3628418482574,310.104151453686,314.84881591796875,27276000,0.0,0.0
2023-05-19 00:00:00-04:00,313.08933355752697,315.07617651189463,312.72360290073794,314.6708984375,27529500,0.0,0.0
2023-05-22 00:00:00-04:00,314.9279294182539,318.8719323650163,314.3447331800345,317.4781799316406,24115700,0.0,0.0
2023-05-23 00:00:00-04:00,316.34141515317293,319.00041331686316,311.6165094129582,311.62640380859375,30797200,0.0,0.0
2023-05-24 00:00:00-04:00,311.1025282287602,312.85211688528767,309.0069373671883,310.232666015625,23384900,0.0,0.0
2023-05-25 00:00:00-04:00,319.5143794949146,323.13219855931953,316.3117328528475,322.16351318359375,43301700,0.0,0.0
2023-05-26 00:00:00-04:00,320.285430317253,329.5573240341025,320.1470596021426,329.05322265625,36630600,0.0,0.0
2023-05-30 00:00:00-04:00,331.36620250707483,331.8703038143698,326.71046750825445,327.39251708984375,29503100,0.0,0.0
2023-05-31 00:00:00-04:00,328.4601155465043,332.068040510102,323.557261568481,324.6050720214844,45950600,0.0,0.0
2023-06-01 00:00:00-04:00,322.1734171605526,329.6858277758173,320.97737171957544,328.74676513671875,26773900,0.0,0.0
2023-06-02 00:00:00-04:00,330.3975318385058,333.6100732849535,328.71711347710425,331.5342712402344,25864000,0.0,0.0
2023-06-05 00:00:00-04:00,331.3563515063498,334.6578520031515,330.80280831921186,332.06805419921875,21307100,0.0,0.0
2023-06-06 00:00:00-04:00,331.46505238445627,331.50459980034327,328.34150034369713,329.8340759277344,20396200,0.0,0.0
2023-06-07 00:00:00-04:00,327.8274725409219,330.6347357358875,318.7829393642212,319.6528015136719,40717100,0.0,0.0
2023-06-08 00:00:00-04:00,320.20634568769077,322.87523818509703,319.62314950969096,321.5111389160156,23277700,0.0,0.0
2023-06-09 00:00:00-04:00,321.2442571905946,326.1866287534683,320.6709553622718,323.0235290527344,22514900,0.0,0.0
2023-06-12 00:00:00-04:00,324.7928469859533,328.272295557753,321.4122820354807,328.0251770019531,24260300,0.0,0.0
2023-06-13 00:00:00-04:00,330.61502141703147,333.0961017213649,326.58205928874565,330.4371032714844,22951300,0.0,0.0
2023-06-14 00:00:00-04:00,330.48645126136955,335.1322919391241,328.97408698386016,333.4518737792969,26003800,0.0,0.0
2023-06-15 00:00:00-04:00,333.5903581455292,345.80788749801064,333.3135865145429,344.08795166015625,38899100,0.0,0.0
2023-06-16 00:00:00-04:00,347.2707727110499,347.4190378119498,338.0087740294845,338.3843688964844,46533600,0.0,0.0
2023-06-20 00:00:00-04:00,335.3992349135641,338.13729804930796,331.98898628249947,334.15374755859375,26375400,0.0,0.0
2023-06-21 00:00:00-04:00,332.49306421020054,333.8374048180705,328.24263718607625,329.7154541015625,25117800,0.0,0.0
2023-06-22 00:00:00-04:00,330.2690186262127,336.1998642526837,329.4980099014051,335.7945861816406,23556800,0.0,0.0
2023-06-23 00:00:00-04:00,330.5062642075985,334.06477784716117,329.6067791085905,331.1586608886719,23084700,0.0,0.0
2023-06-26 00:00:00-04:00,329.8736360460797,332.236073875563,324.70390473147376,324.8126525878906,21520600,0.0,0.0
2023-06-27 00:00:00-04:00,328.0350497361953,332.2756127100992,325.5045580724648,330.7138366699219,24354100,0.0,0.0
2023-06-28 00:00:00-04:00,330.8028086437021,334.084550517697,329.96259946623746,331.9790954589844,20259500,0.0,0.0
2023-06-29 00:00:00-04:00,330.8522158237522,332.2360737742662,328.7863082108704,331.18829345703125,16997000,0.0,0.0
2023-06-30 00:00:00-04:00,333.85716922002916,338.77978171619543,333.3135204630606,336.6150207519531,26823800,0.0,0.0
2023-07-03 00:00:00-04:00,335.28060262151536,336.9708852401349,332.6908047635794,334.09442138671875,12508700,0.0,0.0
2023-07-05 00:00:00-04:00,331.22786490930497,337.71225420438924,330.8720286244269,334.2525939941406,18172400,0.0,0.0
2023-07-06 00:00:00-04:00,333.4123346002001,339.0367551947082,331.6330931118371,337.3365783691406,28161200,0.0,0.0
2023-07-07 00:00:00-04:00,335.40908439573553,337.8506169608955,333.1158169325409,333.3332824707031,21185300,0.0,0.0
2023-07-10 00:00:00-04:00,330.7435253999172,331.3662690704481,323.8143105144477,328.00543212890625,32791400,0.0,0.0
2023-07-11 00:00:00-04:00,327.2442787108393,329.02352027231524,323.23107571915307,328.6380310058594,26698200,0.0,0.0
2023-07-12 00:00:00-04:00,332.7204165362099,337.71219910160477,331.8011427844251,333.3135070800781,29995300,0.0,0.0
2023-07-13 00:00:00-04:00,335.64629525130016,339.77811014672653,335.1125107395489,338.7105712890625,20567200,0.0,0.0
2023-07-14 00:00:00-04:00,343.5837849407625,347.3795227060363,340.3415903808926,341.2608642578125,28302200,0.0,0.0
2023-07-17 00:00:00-04:00,341.69576692889177,342.990665765801,338.2558958910491,341.7452087402344,20363900,0.0,0.0
2023-07-18 00:00:00-04:00,341.84402665294436,362.55257365392396,338.2262375492029,355.3465881347656,64872700,0.0,0.0
2023-07-19 00:00:00-04:00,357.5805322502005,358.28234046692455,348.377840108528,350.9873962402344,39732900,0.0,0.0
2023-07-20 00:00:00-04:00,349.4948600864259,353.8441409060029,341.3893588854277,342.8720703125,33778400,0.0,0.0
2023-07-21 00:00:00-04:00,345.1258278649842,346.26256738238925,335.91323929357395,339.8078308105469,69368900,0.0,0.0
2023-07-24 00:00:00-04:00,341.86381565568047,342.92149031284805,338.3646084639406,341.13232421875,26678100,0.0,0.0
2023-07-25 00:00:00-04:00,343.10927181445055,347.83420754236226,341.0928061262898,346.9346923828125,41637700,0.0,0.0
2023-07-26 00:00:00-04:00,337.504667075425,340.6974499210077,329.2706592716007,333.876953125,58383700,0.0,0.0
2023-07-27 00:00:00-04:00,336.5557213978174,337.3959003723981,325.25743786483986,326.908203125,39635300,0.0,0.0
2023-07-28 00:00:00-04:00,329.82422079899777,336.0911440101426,329.3299836672118,334.47003173828125,28484900,0.0,0.0
2023-07-31 00:00:00-04:00,333.0367530451251,333.80776174298603,329.5177570105008,332.04827880859375,25446000,0.0,0.0
2023-08-01 00:00:00-04:00,331.3266701248906,334.63806473419106,329.85385321723123,332.4634094238281,18311900,0.0,0.0
2023-08-02 00:00:00-04:00,329.7846631535933,329.7846631535933,322.59843617417204,323.7253112792969,27761300,0.0,0.0
2023-08-03 00:00:00-04:00,322.24262287118034,326.07790799446406,322.1932112223528,322.89501953125,18253700,0.0,0.0
2023-08-04 00:00:00-04:00,328.05482548758084,331.277261063739,323.46829067572776,324.0020751953125,23727700,0.0,0.0
2023-08-07 00:00:00-04:00,324.5852708301054,327.2936805067541,323.7450617202006,326.3052062988281,17741500,0.0,0.0
2023-08-08 00:00:00-04:00,323.19153790799385,324.96091529244745,319.27718825691414,322.2920227050781,22327600,0.0,0.0
2023-08-09 00:00:00-04:00,322.70720411911464,323.3398119813317,317.3496601701691,318.5160827636719,22373300,0.0,0.0
2023-08-10 00:00:00-04:00,322.26235905950784,324.47656185747303,317.47814738461386,319.2079772949219,20113700,0.0,0.0
2023-08-11 00:00:00-04:00,316.5687639624726,318.6939775064146,315.5308479299618,317.31011962890625,24342600,0.0,0.0
2023-08-14 00:00:00-04:00,317.68578582210785,320.32499544370245,316.3908566710484,320.30523681640625,18836100,0.0,0.0
2023-08-15 00:00:00-04:00,319.27720479224416,321.3431124974694,317.20140269076705,318.15032958984375,16966300,0.0,0.0
2023-08-16 00:00:00-04:00,317.77393688756257,321.35981544543756,316.7833697149334,317.3777160644531,20698900,0.68,0.0
2023-08-17 00:00:00-04:00,317.51634791131056,318.8337886923034,313.2271759636282,313.890869140625,21257200,0.0,0.0
2023-08-18 00:00:00-04:00,311.5234408357638,315.3767614049802,308.61117111318896,313.49468994140625,24744800,0.0,0.0
2023-08-21 00:00:00-04:00,314.9309977770275,319.72533901894826,314.04940875807927,318.84375,24040000,0.0,0.0
2023-08-22 00:00:00-04:00,322.4295757132843,323.00409130288494,318.42767635532056,319.4182434082031,16102000,0.0,0.0
2023-08-23 00:00:00-04:00,320.76543972560916,326.0946954631443,320.4088198566661,323.9154357910156,21166400,0.0,0.0
2023-08-24 00:00:00-04:00,329.71026061311085,329.8390391710411,316.9418363646179,316.9517517089844,23281400,0.0,0.0
2023-08-25 00:00:00-04:00,318.4376140983813,322.29090448568866,315.7927865800753,319.9333801269531,21684100,0.0,0.0
2023-08-28 00:00:00-04:00,322.58807894045736,323.07344713621103,318.68524222639564,320.6465759277344,14808500,0.0,0.0
2023-08-29 00:00:00-04:00,318.84373205694396,325.8767642718409,318.84373205694396,325.3121337890625,19284600,0.0,0.0
2023-08-30 00:00:00-04:00,325.56973540539104,326.6989662956068,323.37067500895824,325.6885986328125,15222100,0.0,0.0
2023-08-31 00:00:00-04:00,326.0947235827168,327.7885849745621,323.6975377366628,324.6683044433594,26411000,0.0,0.0
2023-09-01 00:00:00-04:00,328.1847806822059,328.85835904932804,323.6975129666843,325.5597839355469,14931200,0.0,0.0
2023-09-05 00:00:00-04:00,325.89661773179773,331.69144205655795,325.5598285021328,330.4036865234375,18553900,0.0,0.0
2023-09-06 00:00:00-04:00,330.2352432347013,331.3050423323038,327.06541662823025,329.7399597167969,17535800,0.0,0.0
2023-09-07 00:00:00-04:00,328.16499162095795,329.9380850110211,325.9263002427993,326.7980041503906,18381000,0.0,0.0
2023-09-08 00:00:00-04:00,326.9762886066254,332.989038125567,326.35222650031665,331.1168518066406,19530100,0.0,0.0
2023-09-11 00:00:00-04:00,334.05884921795905,335.2277414058345,332.26592513119544,334.75225830078125,16583300,0.0,0.0
2023-09-12 00:00:00-04:00,332.65225686072523,333.6131081744858,328.3531991956685,328.64044189453125,17565500,0.0,0.0
2023-09-13 00:00:00-04:00,328.1847903080037,333.672540620453,328.0461266305685,332.8899841308594,16544400,0.0,0.0
2023-09-14 00:00:00-04:00,335.9508335027836,337.6446948177022,333.3951836281645,335.5050964355469,20267000,0.0,0.0
2023-09-15 00:00:00-04:00,333.74188374525704,334.217336610677,326.540441514089,327.1050720214844,37666900,0.0,0.0
2023-09-18 00:00:00-04:00,324.7078694858904,327.2833498823573,323.28145050414594,325.95599365234375,16834200,0.0,0.0
2023-09-19 00:00:00-04:00,323.09327870427745,326.2829059201443,321.44893371923223,325.54986572265625,16505900,0.0,0.0
2023-09-20 00:00:00-04:00,326.40177877596363,326.4810108438582,317.486674767217,317.74420166015625,21436500,0.0,0.0
2023-09-21 00:00:00-04:00,316.2484269359893,322.2809762781939,312.02860188461545,316.515869140625,35529500,0.0,0.0
2023-09-22 00:00:00-04:00,318.2890565230016,318.4178350943652,313.16781085321537,314.01971435546875,21447900,0.0,0.0
2023-09-25 00:00:00-04:00,313.60362692042037,314.6734562909907,312.02862889736053,314.544677734375,17836000,0.0,0.0
2023-09-26 00:00:00-04:00,312.157403521801,312.900328819341,307.09559010844697,309.19561767578125,26297600,0.0,0.0
2023-09-27 00:00:00-04:00,309.35407912600334,311.335213235628,306.7687136232028,309.8394775390625,19410100,0.0,0.0
2023-09-28 00:00:00-04:00,308.0564609683584,312.5041279221364,306.53100935907986,310.6814880371094,19683600,0.0,0.0
2023-09-29 00:00:00-04:00,314.7526795061826,316.4564560379535,312.0088196658807,312.77154541015625,24140300,0.0,0.0
2023-10-02 00:00:00-04:00,313.2965760802322,318.8536734949948,312.2069461724641,318.7644958496094,20570000,0.0,0.0
2023-10-03 00:00:00-04:00,317.8036293011886,318.3583746883624,308.2743786386628,310.433837890625,21033500,0.0,0.0
2023-10-04 00:00:00-04:00,311.0678050853206,317.02112341032625,311.03808927960966,315.9512939453125,20720100,0.0,0.0
2023-10-05 00:00:00-04:00,316.08003092831916,316.961650097937,311.9295526417263,316.34747314453125,16965600,0.0,0.0
2023-10-06 00:00:00-04:00,313.5639790506904,326.08476073214564,313.316337294931,324.1729736328125,25645500,0.0,0.0
2023-10-09 00:00:00-04:00,321.686679635388,327.1843151862334,320.1314819660079,326.7088623046875,19891200,0.0,0.0
2023-10-10 00:00:00-04:00,327.8380929797901,327.976786889985,324.5791488467311,325.2923583984375,20557100,0.0,0.0
2023-10-11 00:00:00-04:00,328.08572430592403,329.6805530737714,326.0352733611334,329.2843322753906,20063200,0.0,0.0
2023-10-12 00:00:00-04:00,327.4517324419268,330.48286496946685,325.61917749077486,328.0361633300781,19313100,0.0,0.0
2023-10-13 00:00:00-04:00,329.2447114865088,330.6810157045469,323.28147794480293,324.6385803222656,21072400,0.0,0.0
2023-10-16 00:00:00-04:00,327.9271996205036,332.969212350469,327.481462599679,329.5022277832031,22158000,0.0,0.0
2023-10-17 00:00:00-04:00,326.4809716574796,330.3144610843667,324.32154286745765,328.92767333984375,18338500,0.0,0.0
2023-10-18 00:00:00-04:00,329.3536175679104,332.4243813643055,325.20313935133987,326.9960632324219,23153600,0.0,0.0
2023-10-19 00:00:00-04:00,329.0168595486858,333.7022528617968,327.7885660057624,328.1947021484375,25052100,0.0,0.0
2023-10-20 00:00:00-04:00,328.5909446738055,328.78907020079464,322.3800993659699,323.5885925292969,25012600,0.0,0.0
2023-10-23 00:00:00-04:00,322.3999028221572,329.59143025678,321.33010356372546,326.2135925292969,24374700,0.0,0.0
2023-10-24 00:00:00-04:00,328.17486567114935,328.70978036544676,324.5097855665259,327.4121398925781,31153600,0.0,0.0
2023-10-25 00:00:00-04:00,341.76542431146135,342.9343163763204,334.4352343674985,337.45648193359375,55053800,0.0,0.0
2023-10-26 00:00:00-04:00,337.3277257655851,338.40744026763304,323.8560072767667,324.79705810546875,37828500,0.0,0.0
2023-10-27 00:00:00-04:00,327.3130603032623,333.54373545929195,325.3022104179872,326.69891357421875,29856500,0.0,0.0
2023-10-30 00:00:00-04:00,330.26496832575384,336.24800185463835,328.69985543651904,334.128173828125,22828100,0.0,0.0
2023-10-31 00:00:00-04:00,335.6536639809817,335.8022429983136,331.5329012652958,334.9206237792969,20265300,0.0,0.0
2023-11-01 00:00:00-04:00,336.5847822046158,344.14281353902476,336.4460883090784,342.8055419921875,28158800,0.0,0.0
2023-11-02 00:00:00-04:00,343.96450290123875,345.53950092957126,341.5178010064738,345.0343322753906,24348100,0.0,0.0
2023-11-03 00:00:00-04:00,346.3319954972326,351.04710477759244,344.0536729275239,349.4720764160156,23624000,0.0,0.0
2023-11-06 00:00:00-05:00,350.1159368957074,354.167352513998,350.01687414448827,353.1668701171875,23828300,0.0,0.0
2023-11-07 00:00:00-05:00,356.0098351683549,359.040968292871,354.25654215859316,357.1291809082031,25833900,0.0,0.0
2023-11-08 00:00:00-05:00,358.2683054606333,360.4376498521563,357.1489597884209,359.77398681640625,26767800,0.0,0.0
2023-11-09 00:00:00-05:00,358.8824265984055,361.3489590848818,356.9607241219027,357.2876281738281,24847300,0.0,0.0
2023-11-10 00:00:00-05:00,358.0800910344148,366.6088894784068,357.6640697813667,366.1829528808594,28042100,0.0,0.0
2023-11-13 00:00:00-05:00,364.7466121416856,364.99425391218455,362.44848925632533,363.22113037109375,19986500,0.0,0.0
2023-11-14 00:00:00-05:00,367.510322951988,368.44145847858766,363.88484360517197,366.77728271484375,27683900,0.0,0.0
2023-11-15 00:00:00-05:00,368.52421338899586,370.3604880235156,364.385151432171,366.9261779785156,26860100,0.75,0.0
2023-11-16 00:00:00-05:00,368.2066086689788,373.55661691809644,367.43239928816575,373.3779602050781,27182300,0.0,0.0
2023-11-17 00:00:00-05:00,370.836899022974,371.59126768484566,364.2759756899048,367.1048278808594,40157000,0.0,0.0
2023-11-20 00:00:00-05:00,368.46465493528996,376.0578674563183,368.24628665339475,374.63848876953125,52465100,0.0,0.0
2023-11-21 00:00:00-05:00,372.88164166541463,373.42754723095845,368.3653953944815,370.3009338378906,28423100,0.0,0.0
2023-11-22 00:00:00-05:00,375.1943517807251,376.97107425610585,372.18684271222065,375.04547119140625,23345300,0.0,0.0
2023-11-24 00:00:00-05:00,374.5293067346497,375.164570962539,372.35558957569657,374.6285705566406,10176600,0.0,0.0
2023-11-27 00:00:00-05:00,373.9834009394594,377.81476637047604,373.40771923794165,375.7998046875,22179200,0.0,0.0
2023-11-28 00:00:00-05:00,375.5417478559064,380.15722772173007,375.35315568518746,379.8594665527344,20453100,0.0,0.0
2023-11-29 00:00:00-05:00,380.911615402655,381.44758553357894,374.63851727370974,376.0380554199219,28963400,0.0,0.0
2023-11-30 00:00:00-05:00,375.68066879643345,377.2687989413678,372.6830954875288,376.0975646972656,30554400,0.0,0.0
2023-12-01 00:00:00-05:00,373.9635547777664,375.3531573911705,368.5539946182593,371.7302551269531,33020400,0.0,0.0
2023-12-04 00:00:00-05:00,366.3604043806309,366.7772700166467,360.20641104069097,366.4001159667969,32063300,0.0,0.0
2023-12-05 00:00:00-05:00,363.7300817378277,370.3108459279077,362.90622534848177,369.7550048828125,23065000,0.0,0.0
2023-12-06 00:00:00-05:00,370.76746068896693,371.4026946281754,365.2983481911379,366.0626220703125,21182100,0.0,0.0
2023-12-07 00:00:00-05:00,365.49687341238314,368.69297460847696,363.60104649475284,368.1966857910156,23118900,0.0,0.0
2023-12-08 00:00:00-05:00,366.4596372467687,371.6805744716675,365.4968358282561,371.4523010253906,20144800,0.0,0.0
2023-12-11 00:00:00-05:00,365.74499115999953,368.8418283086429,363.3826517145165,368.5440368652344,27708800,0.0,0.0
2023-12-12 00:00:00-05:00,368.0973986711949,371.6409078734443,367.7102788783657,371.6011962890625,24838300,0.0,0.0
2023-12-13 00:00:00-05:00,373.22902508797654,374.8370262739431,368.0179925924657,371.5912780761719,30955500,0.0,0.0
2023-12-14 00:00:00-05:00,370.5391871791712,370.98585927074276,361.4273309560846,363.2139587402344,43277500,0.0,0.0
2023-12-15 00:00:00-05:00,364.12712629226513,369.6359202745136,363.56134974741,367.97833251953125,78478200,0.0,0.0
2023-12-18 00:00:00-05:00,366.70777283125585,370.23141087192323,365.9434687630156,369.8840026855469,21802900,0.0,0.0
2023-12-19 00:00:00-05:00,368.73265069542646,370.4895324707031,367.09490367915254,370.4895324707031,20603700,0.0,0.0
2023-12-20 00:00:00-05:00,372.2166048992151,373.238958629029,367.77978175717385,367.8691101074219,26316700,0.0,0.0
2023-12-21 00:00:00-05:00,369.79471907338814,371.6309937454321,367.2934343528452,370.7674560546875,17708000,0.0,0.0
2023-12-22 00:00:00-05:00,370.9063993312227,372.3952657674826,369.943597824132,371.7997131347656,17091100,0.0,0.0
2023-12-26 00:00:00-05:00,372.21662316069603,374.1422262477994,370.72775666805325,371.879150390625,12673100,0.0,0.0
2023-12-27 00:00:00-05:00,370.916333723745,372.2761602183441,370.042860570438,371.29351806640625,14905400,0.0,0.0
2023-12-28 00:00:00-05:00,372.58383518172906,373.6657410910667,371.38282481133604,372.4945068359375,14327000,0.0,0.0
2023-12-29 00:00:00-05:00,373.2091897803934,374.36058346889905,370.7079050515424,373.2489013671875,18723000,0.0,0.0
