Date,open,high,low,close,volume,dividends,stock splits,capital gains
2023-01-03 00:00:00-05:00,375.0786456173503,377.08884699640646,368.6967282499259,371.6144714355469,74850700,0.0,0.0,0.0
2023-01-04 00:00:00-05:00,373.91740207146603,376.552147019824,370.81427919798,374.4833984375,85934100,0.0,0.0,0.0
2023-01-05 00:00:00-05:00,372.4926599770365,372.6097544448205,369.6042205788247,370.209228515625,76970500,0.0,0.0,0.0
2023-01-06 00:00:00-05:00,373.36116899868375,379.84067483027115,370.23854034263655,378.6989440917969,104189600,0.0,0.0,0.0
2023-01-09 00:00:00-05:00,380.933526844433,384.1830469672734,378.298812188482,378.48419189453125,73978100,0.0,0.0,0.0
2023-01-10 00:00:00-05:00,377.88896777167685,381.2067732822578,376.93264668703273,381.1384582519531,65358100,0.0,0.0,0.0
2023-01-11 00:00:00-05:00,382.7486266090471,386.03715876276766,381.9191677211058,385.9590759277344,68881100,0.0,0.0,0.0
2023-01-12 00:00:00-05:00,387.08131993373763,388.85730249031064,382.9340550686608,387.3642883300781,90157700,0.0,0.0,0.0
2023-01-13 00:00:00-05:00,384.1049946884308,389.4525370310637,383.8317643369021,388.8670349121094,63903900,0.0,0.0,0.0
2023-01-17 00:00:00-05:00,388.8475216403583,390.5552187496469,387.46183431139093,388.1546630859375,62677300,0.0,0.0,0.0
2023-01-18 00:00:00-05:00,389.36475820249956,390.4479119265711,381.82160443459725,382.0265197753906,99632300,0.0,0.0,0.0
2023-01-19 00:00:00-05:00,379.9479892197662,381.62641286330427,377.8987763285978,379.24542236328125,86958900,0.0,0.0,0.0
2023-01-20 00:00:00-05:00,380.6700853935658,386.4664996494735,378.991661909029,386.31036376953125,91806400,0.0,0.0,0.0
2023-01-23 00:00:00-05:00,387.1300394640446,392.91668569194564,386.15421258797875,390.9455261230469,84178800,0.0,0.0,0.0
2023-01-24 00:00:00-05:00,389.2378412774977,391.4529576347712,388.0278254428481,390.52593994140625,59524900,0.0,0.0,0.0
2023-01-25 00:00:00-05:00,386.37866987641206,391.01384761433656,384.04642930972767,390.67230224609375,84800300,0.0,0.0,0.0
2023-01-26 00:00:00-05:00,393.38507715571694,395.13181553049554,390.36000800818675,394.9659118652344,72287400,0.0,0.0,0.0
2023-01-27 00:00:00-05:00,393.9022840163515,398.29350499933827,393.6876009104327,395.8734436035156,68346200,0.0,0.0,0.0
2023-01-30 00:00:00-05:00,393.06309393633416,395.33678746665584,390.60402067809827,390.9065246582031,74202000,0.0,0.0,0.0
2023-01-31 00:00:00-05:00,391.43346421535995,396.70292372203585,391.08215103231504,396.6541442871094,86811800,0.0,0.0,0.0
2023-02-01 00:00:00-05:00,395.414851092079,403.6703689694669,392.6240001610526,400.8697204589844,101459200,0.0,0.0,0.0
2023-02-02 00:00:00-05:00,404.83156876310954,408.1981837738119,402.8994503916423,406.7051696777344,101654500,0.0,0.0,0.0
2023-02-03 00:00:00-05:00,401.64062514550176,406.8905790890975,401.1527116530468,402.38226318359375,94736800,0.0,0.0,0.0
2023-02-06 00:00:00-05:00,399.88414510072585,401.34788556570436,398.23499512779335,399.92315673828125,60295300,0.0,0.0,0.0
2023-02-07 00:00:00-05:00,398.9863614809956,406.42215809756607,397.7177983541326,405.1535949707031,90990700,0.0,0.0,0.0
2023-02-08 00:00:00-05:00,403.14335847090973,404.5095101292178,400.0207005834575,400.7232971191406,76227500,0.0,0.0,0.0
2023-02-09 00:00:00-05:00,404.3924811385661,404.5486170362034,396.0003627647946,397.2494201660156,78694900,0.0,0.0,0.0
2023-02-10 00:00:00-05:00,396.0491271695592,398.5667774760561,395.2196980534211,398.17645263671875,70769700,0.0,0.0,0.0
2023-02-13 00:00:00-05:00,398.8399518728118,402.9872159910269,398.3715442634124,402.8505859375,64913500,0.0,0.0,0.0
2023-02-14 00:00:00-05:00,401.29904069812426,405.01693876648693,398.63505234764887,402.66522216796875,88389300,0.0,0.0,0.0
2023-02-15 00:00:00-05:00,400.43061311850187,404.0509229294553,399.57188059862716,403.9728698730469,61555700,0.0,0.0,0.0
2023-02-16 00:00:00-05:00,398.9082952728155,402.92869742153624,398.2740137303012,398.4106140136719,76431500,0.0,0.0,0.0
2023-02-17 00:00:00-05:00,396.24430940824817,397.65927047080817,394.28288760784295,397.4153137207031,89257800,0.0,0.0,0.0
2023-02-21 00:00:00-05:00,393.31681377980635,394.39022939632434,389.17931698145577,389.4427795410156,82655900,0.0,0.0,0.0
2023-02-22 00:00:00-05:00,389.8623888043667,391.43348574573804,387.42282132636103,388.9060974121094,83742300,0.0,0.0,0.0
2023-02-23 00:00:00-05:00,391.8530612827798,392.47760481495635,386.67142264499336,390.9748229980469,96242400,0.0,0.0,0.0
2023-02-24 00:00:00-05:00,385.8614933049835,387.64724346310373,384.12452258084977,386.79827880859375,108194400,0.0,0.0,0.0
2023-02-27 00:00:00-05:00,390.2038851164333,391.58957237275536,387.1593100516949,388.1156311035156,80444700,0.0,0.0,0.0
2023-02-28 00:00:00-05:00,387.62779734462174,389.62823092414595,386.573887433356,386.6812438964844,96438600,0.0,0.0,0.0
2023-03-01 00:00:00-05:00,385.85175419902777,387.1008115566822,383.8708265979069,385.19793701171875,99706800,0.0,0.0,0.0
2023-03-02 00:00:00-05:00,383.1876682036707,389.0523969164284,382.8461228609877,388.19366455078125,85127800,0.0,0.0,0.0
2023-03-03 00:00:00-05:00,390.04780938111304,394.67324970095586,389.3842541554402,394.4195251464844,90120000,0.0,0.0,0.0
2023-03-06 00:00:00-05:00,395.2586850205911,397.6006934701865,394.2438464576325,394.6927185058594,72795900,0.0,0.0,0.0
2023-03-07 00:00:00-05:00,394.643937528786,394.8878942596757,388.01806437945703,388.642578125,108310600,0.0,0.0,0.0
2023-03-08 00:00:00-05:00,388.75972938967067,390.0477983855843,387.0032229372633,389.27691650390625,74746600,0.0,0.0,0.0
2023-03-09 00:00:00-05:00,390.07704468083875,391.7750037772185,381.0896870581345,382.09478759765625,111945300,0.0,0.0,0.0
2023-03-10 00:00:00-05:00,381.5385473767358,383.65610483775794,375.0297986769463,376.58135986328125,189253000,0.0,0.0,0.0
2023-03-13 00:00:00-04:00,372.58044332980165,380.9530542921971,371.4484806220243,376.04461669921875,157790000,0.0,0.0,0.0
2023-03-14 00:00:00-04:00,381.0604337698148,383.9391352582593,377.6938187938289,382.2607116699219,149752400,0.0,0.0,0.0
2023-03-15 00:00:00-04:00,376.5618960313561,380.0748494140505,374.4345705346556,379.86993408203125,172996900,0.0,0.0,0.0
2023-03-16 00:00:00-04:00,377.4693793221886,386.88610321857124,376.9521922416997,386.5347900390625,143254200,0.0,0.0,0.0
2023-03-17 00:00:00-04:00,385.17909763939736,386.3349608016667,380.60458069602095,382.01513671875,140553400,1.506,0.0,0.0
2023-03-20 00:00:00-04:00,382.80862395781054,386.1097368448217,382.09357066331995,385.6885070800781,93055800,0.0,0.0,0.0
2023-03-21 00:00:00-04:00,389.11691342436905,391.24255270502465,387.49085482716674,390.7527770996094,91524200,0.0,0.0,0.0
2023-03-22 00:00:00-04:00,390.5764817967833,394.2595741797678,384.0526668658085,384.0918273925781,111746600,0.0,0.0,0.0
2023-03-23 00:00:00-04:00,387.010879029509,391.12500601638345,382.3678159193312,385.1301574707031,119351300,0.0,0.0,0.0
2023-03-24 00:00:00-04:00,383.82733045267304,387.745535169291,381.43722318405366,387.6573791503906,107682400,0.0,0.0,0.0
2023-03-27 00:00:00-04:00,389.9789058513059,390.7625647210802,387.4712572550867,388.3822326660156,74010400,0.0,0.0,0.0
2023-03-28 00:00:00-04:00,387.6769439651639,388.38222198179426,385.6394907468587,387.51043701171875,62871700,0.0,0.0,0.0
2023-03-29 00:00:00-04:00,391.7519074322987,393.3877711027758,390.52746842232585,393.14288330078125,77497900,0.0,0.0,0.0
2023-03-30 00:00:00-04:00,395.82683363517947,396.08152650848564,393.54449253376504,395.44482421875,69840000,0.0,0.0,0.0
2023-03-31 00:00:00-04:00,396.38517539330286,401.32212160242403,396.27740922123076,401.0184631347656,112062600,0.0,0.0,0.0
2023-04-03 00:00:00-04:00,400.4895367268641,402.9579951286642,400.0879171249485,402.5466003417969,67391100,0.0,0.0,0.0
2023-04-04 00:00:00-04:00,403.2028600070753,403.49674330308125,398.9124209697487,400.3132019042969,66601500,0.0,0.0,0.0
2023-04-05 00:00:00-04:00,399.5687036237681,400.34255738394114,397.58021603258516,399.2650451660156,65200200,0.0,0.0,0.0
2023-04-06 00:00:00-04:00,398.45204366744593,401.1066490280992,397.38433641235645,400.82257080078125,63743300,0.0,0.0,0.0
2023-04-10 00:00:00-04:00,398.2952336018756,401.3122675422409,397.6683364815756,401.23388671875,63681000,0.0,0.0,0.0
2023-04-11 00:00:00-04:00,401.8707018804119,402.771872282162,400.55810680410184,401.34173583984375,59297900,0.0,0.0,0.0
2023-04-12 00:00:00-04:00,403.4477336905446,403.7416169762677,399.1083292024825,399.7058410644531,86420400,0.0,0.0,0.0
2023-04-13 00:00:00-04:00,400.81276205126875,405.3774743353785,399.6470937050021,405.0150451660156,85814800,0.0,0.0,0.0
2023-04-14 00:00:00-04:00,404.36851416977566,406.6018896309945,401.67474846510896,404.0256652832031,78161500,0.0,0.0,0.0
2023-04-17 00:00:00-04:00,403.93750036190954,405.4949830932358,402.68367609366095,405.47540283203125,66436400,0.0,0.0,0.0
2023-04-18 00:00:00-04:00,407.0818484390442,407.218999947144,404.3391172123318,405.7398681640625,63560000,0.0,0.0,0.0
2023-04-19 00:00:00-04:00,403.7905743313717,406.59207625817515,403.73180365413305,405.67132568359375,55227300,0.0,0.0,0.0
2023-04-20 00:00:00-04:00,402.80123759653895,405.2403403940626,401.8804570838807,403.4575500488281,75840400,0.0,0.0,0.0
2023-04-21 00:00:00-04:00,403.7611910163182,404.2411615140154,401.78250845446746,403.77099609375,73457400,0.0,0.0,0.0
2023-04-24 00:00:00-04:00,403.565272616089,404.62320460867176,402.20371204908787,404.19219970703125,64332100,0.0,0.0,0.0
2023-04-25 00:00:00-04:00,402.1841341353486,402.7522905937527,397.71738288165704,397.7761535644531,97766700,0.0,0.0,0.0
2023-04-26 00:00:00-04:00,398.403064968697,399.50015752893063,395.5231820513184,396.09130859375,80447000,0.0,0.0,0.0
2023-04-27 00:00:00-04:00,398.6773093768756,404.2509576906046,398.4226165174872,403.9766845703125,92968400,0.0,0.0,0.0
2023-04-28 00:00:00-04:00,403.07550352530694,407.4345182124473,403.0167328462761,407.4247131347656,89335600,0.0,0.0,0.0
2023-05-01 00:00:00-04:00,406.97411524809,409.08014423030215,406.778193061756,407.0133056640625,62122300,0.0,0.0,0.0
2023-05-02 00:00:00-04:00,406.2884104958987,406.3374059884031,399.4805480941412,402.43878173828125,103998500,0.0,0.0,0.0
2023-05-03 00:00:00-04:00,402.9481499164886,405.4068328884518,399.43156484727314,399.67645263671875,91531800,0.0,0.0,0.0
2023-05-04 00:00:00-04:00,398.60873059795773,398.94177439196113,395.4839601296712,396.8455505371094,94901900,0.0,0.0,0.0
2023-05-05 00:00:00-04:00,400.54826819813417,405.25990688360883,400.283800146753,404.19219970703125,87844000,0.0,0.0,0.0
2023-05-08 00:00:00-04:00,404.5252342810141,404.789702326359,402.8697904678448,404.2999267578125,50046800,0.0,0.0,0.0
2023-05-09 00:00:00-04:00,402.7228692089574,403.6632299430647,402.29186431133974,402.5269470214844,49220100,0.0,0.0,0.0
2023-05-10 00:00:00-04:00,405.41662078017737,406.0631281041316,400.50906012179166,404.4076843261719,96142900,0.0,0.0,0.0
2023-05-11 00:00:00-04:00,403.5261415661495,403.99630702516754,401.5866193671065,403.70245361328125,70157100,0.0,0.0,0.0
2023-05-12 00:00:00-04:00,404.96605729305344,405.1815597458958,400.70500373075566,403.1734619140625,70439400,0.0,0.0,0.0
2023-05-15 00:00:00-04:00,403.7905993021308,404.9758478911114,401.8413019682698,404.564453125,54289400,0.0,0.0,0.0
2023-05-16 00:00:00-04:00,403.4379334073925,404.37832406064695,401.85106528362877,401.8608703613281,57705500,0.0,0.0,0.0
2023-05-17 00:00:00-04:00,403.9179017232882,407.356105753792,402.24287771388754,406.739013671875,87287000,0.0,0.0,0.0
2023-05-18 00:00:00-04:00,406.4157232725926,411.0882008969259,406.19044566372156,410.6571960449219,97177200,0.0,0.0,0.0
2023-05-19 00:00:00-04:00,411.57804521257606,412.1167864208651,408.815703624897,410.0597229003906,103679700,0.0,0.0,0.0
2023-05-22 00:00:00-04:00,410.07936112889007,411.7935758643788,408.8157316108264,410.2262878417969,60745400,0.0,0.0,0.0
2023-05-23 00:00:00-04:00,408.5511626981567,410.15764086309514,405.2206949118904,405.622314453125,86383500,0.0,0.0,0.0
2023-05-24 00:00:00-04:00,403.9865050940817,404.3783195818333,401.49843676188885,402.6836853027344,89213700,0.0,0.0,0.0
2023-05-25 00:00:00-04:00,406.2590544581323,407.6500303130124,403.9767133190156,406.1708984375,90961600,0.0,0.0,0.0
2023-05-26 00:00:00-04:00,406.83696353361717,412.16572414910456,406.75861259524027,411.4310607910156,93830000,0.0,0.0,0.0
2023-05-30 00:00:00-04:00,413.39997469625774,413.938715876634,410.17724301093875,411.5877990722656,72216000,0.0,0.0,0.0
2023-05-31 00:00:00-04:00,409.7266808048184,410.6474613379297,407.7088076944333,409.30548095703125,110811800,0.0,0.0,0.0
2023-06-01 00:00:00-04:00,409.54053833671657,414.2717871503129,408.26713379408955,413.19427490234375,88865000,0.0,0.0,0.0
2023-06-02 00:00:00-04:00,415.819447189123,419.97273433952375,415.28070603474606,419.1695251464844,91366700,0.0,0.0,0.0
2023-06-05 00:00:00-04:00,419.522196275637,420.8347913262475,417.6512498538884,418.3663330078125,65460200,0.0,0.0,0.0
2023-06-06 00:00:00-04:00,417.94513790390573,419.8160544533742,417.27902034611634,419.2773132324219,64022200,0.0,0.0,0.0
2023-06-07 00:00:00-04:00,419.6788805980459,420.8347437351569,417.3965097678999,417.8275146484375,85373300,0.0,0.0,0.0
2023-06-08 00:00:00-04:00,417.89608402743255,420.81515705682295,417.11245510760295,420.3547668457031,61952800,0.0,0.0,0.0
2023-06-09 00:00:00-04:00,421.1678099849818,423.15629765160224,420.10010280374513,421.1090393066406,85742800,0.0,0.0,0.0
2023-06-12 00:00:00-04:00,422.1081781630665,425.0076410832096,421.3735148293678,424.92926025390625,76104300,0.0,0.0,0.0
2023-06-13 00:00:00-04:00,426.41823992671476,428.38711753128354,425.7423472003085,427.7308349609375,95899700,0.0,0.0,0.0
2023-06-14 00:00:00-04:00,428.07363587560246,430.0817036736545,424.7235579596783,428.2401428222656,100612100,0.0,0.0,0.0
2023-06-15 00:00:00-04:00,427.40757213902873,434.82278207437236,427.3096409315167,433.54937744140625,110303100,0.0,0.0,0.0
2023-06-16 00:00:00-04:00,435.572754769725,436.15283317831154,431.59084789528663,432.0726013183594,114121300,1.638,0.0,0.0
2023-06-20 00:00:00-04:00,430.09638254392553,431.00090034166004,427.7170500672272,429.8309020996094,76160400,0.0,0.0,0.0
2023-06-21 00:00:00-04:00,428.8280633031302,429.64409762852426,427.02880918111015,427.6285705566406,76982300,0.0,0.0,0.0
2023-06-22 00:00:00-04:00,426.65524707966995,429.28034717458075,426.31112463152124,429.1722106933594,70637200,0.0,0.0,0.0
2023-06-23 00:00:00-04:00,425.6523508797634,427.74654994449185,425.20009197520363,425.9276428222656,92074500,0.0,0.0,0.0
2023-06-26 00:00:00-04:00,425.34759580775244,427.3041340432148,423.9416414978933,424.18743896484375,72823600,0.0,0.0,0.0
2023-06-27 00:00:00-04:00,425.0821287927246,429.46714703109154,424.62002837266857,428.8379211425781,72813700,0.0,0.0,0.0
2023-06-28 00:00:00-04:00,427.7367289434598,430.0865670690411,427.1075030466882,429.0542297363281,75636000,0.0,0.0,0.0
2023-06-29 00:00:00-04:00,428.6314480697055,430.912455773172,428.21852512614834,430.74530029296875,67882300,0.0,0.0,0.0
2023-06-30 00:00:00-04:00,434.0193035266205,436.8312119253077,433.6948340931896,435.828369140625,104921500,0.0,0.0,0.0
2023-07-03 00:00:00-04:00,435.4744331538326,436.61490690140425,435.1892997146541,436.3298034667969,32793400,0.0,0.0,0.0
2023-07-05 00:00:00-04:00,434.4814458603248,436.42817263507544,434.47160436000706,435.6809387207031,58418400,0.0,0.0,0.0
2023-07-06 00:00:00-04:00,432.03330062732783,432.70186252970575,429.7129569599464,432.2692565917969,80658300,0.0,0.0,0.0
2023-07-07 00:00:00-04:00,431.2565894748183,435.19919056465073,430.9321200061315,431.17791748046875,86076100,0.0,0.0,0.0
2023-07-10 00:00:00-04:00,430.8141248002332,432.44622356514867,430.23404638453115,432.2692565917969,62443500,0.0,0.0,0.0
2023-07-11 00:00:00-04:00,433.0459646429553,435.5235921672389,432.0529333314968,435.02215576171875,64463800,0.0,0.0,0.0
2023-07-12 00:00:00-04:00,438.8861137832286,439.9577870758123,437.4309820624673,438.5223083496094,91924500,0.0,0.0,0.0
2023-07-13 00:00:00-04:00,440.37076974538945,442.80909160720836,439.92835227350713,442.00286865234375,72425200,0.0,0.0,0.0
2023-07-14 00:00:00-04:00,442.9073788962275,443.77256076911124,440.9508106718865,441.7275390625,69761800,0.0,0.0,0.0
2023-07-17 00:00:00-04:00,441.5800757274992,444.3329953904325,441.5308982307412,443.2613220214844,52680200,0.0,0.0,0.0
2023-07-18 00:00:00-04:00,442.9270197914411,447.2137130613677,442.4845723647372,446.55499267578125,80744400,0.0,0.0,0.0
2023-07-19 00:00:00-04:00,447.36122619487315,448.7573389885026,446.4763313203896,447.54803466796875,65891700,0.0,0.0,0.0
2023-07-20 00:00:00-04:00,446.53533401520554,447.44969334724834,443.8512150033739,444.5787658691406,70591600,0.0,0.0,0.0
2023-07-21 00:00:00-04:00,446.32884254959157,446.53533401520554,444.56895437404387,444.5787658691406,71245400,0.0,0.0,0.0
2023-07-24 00:00:00-04:00,445.74878546086876,447.39072574172815,444.6967651014679,446.5648498535156,54023400,0.0,0.0,0.0
2023-07-25 00:00:00-04:00,446.2895283662539,449.06210080591296,446.24035087338444,447.7839660644531,55191200,0.0,0.0,0.0
2023-07-26 00:00:00-04:00,446.8302878855925,449.3079154813042,445.7586145603,447.8528137207031,71052900,0.0,0.0,0.0
2023-07-27 00:00:00-04:00,451.3037421854344,451.71669507690206,443.95931365133697,444.8835144042969,92194400,0.0,0.0,0.0
2023-07-28 00:00:00-04:00,448.21660985985585,450.0846646416302,444.88358174538854,449.2391357421875,80011800,0.0,0.0,0.0
2023-07-31 00:00:00-04:00,449.72086548429496,450.45825785965366,448.3837117079335,450.094482421875,62040400,0.0,0.0,0.0
2023-08-01 00:00:00-04:00,448.5999965770456,449.5635333769623,447.8331097377883,448.8064880371094,55291500,0.0,0.0,0.0
2023-08-02 00:00:00-04:00,445.6307798175711,445.8962302636931,441.79634557295094,442.563232421875,93933400,0.0,0.0,0.0
2023-08-03 00:00:00-04:00,440.5083515457611,443.2121234046294,439.8496011999531,441.2948913574219,64276100,0.0,0.0,0.0
2023-08-04 00:00:00-04:00,443.1433175506955,445.2866641604877,438.7681108431518,439.2990417480469,100052300,0.0,0.0,0.0
2023-08-07 00:00:00-04:00,441.16710420893037,443.29079786149055,440.45920632474366,443.13348388671875,58357500,0.0,0.0,0.0
2023-08-08 00:00:00-04:00,440.54770100520386,443.1236836524104,437.7849398880678,441.2064514160156,71361300,0.0,0.0,0.0
2023-08-09 00:00:00-04:00,441.4817278953274,441.6488833683373,437.4801380885718,438.2568664550781,78789600,0.0,0.0,0.0
2023-08-10 00:00:00-04:00,440.65585620234026,444.1068621376015,437.2245332667793,438.4141845703125,93005500,0.0,0.0,0.0
2023-08-11 00:00:00-04:00,436.5067871160653,439.19090613572234,435.89721422625956,438.1585388183594,68664600,0.0,0.0,0.0
2023-08-14 00:00:00-04:00,437.2244977638325,440.5771484375,436.9098698399027,440.5771484375,47867400,0.0,0.0,0.0
2023-08-15 00:00:00-04:00,438.76813337011566,439.1319388265929,434.8648683781432,435.4449768066406,75707500,0.0,0.0,0.0
2023-08-16 00:00:00-04:00,435.0221758656326,436.71326362039474,432.1414367848018,432.2496032714844,80107200,0.0,0.0,0.0
2023-08-17 00:00:00-04:00,433.7440318018709,434.0094822560375,428.42497118670354,428.9559020996094,95711300,0.0,0.0,0.0
2023-08-18 00:00:00-04:00,426.08496459919155,430.2143738169782,425.7310306685897,429.162353515625,98758400,0.0,0.0,0.0
2023-08-21 00:00:00-04:00,430.1947021478482,432.71166573587954,428.0022080093194,431.9546203613281,68719000,0.0,0.0,0.0
2023-08-22 00:00:00-04:00,433.7636708416879,433.7636708416879,430.2143700488724,430.78460693359375,65062900,0.0,0.0,0.0
2023-08-23 00:00:00-04:00,431.8661242827219,436.2118364473508,431.71865181205425,435.58258056640625,68441000,0.0,0.0,0.0
2023-08-24 00:00:00-04:00,437.2146442740941,437.7357336318125,429.51625187084414,429.5457763671875,88517300,0.0,0.0,0.0
2023-08-25 00:00:00-04:00,431.30568191996946,433.88163432152044,427.6875507606089,432.5740051269531,102325100,0.0,0.0,0.0
2023-08-28 00:00:00-04:00,434.80586075741957,435.94636456061005,432.57403064527523,435.317138671875,61595400,0.0,0.0,0.0
2023-08-29 00:00:00-04:00,435.2089524838061,441.8946610269217,435.02214402422413,441.6095275878906,83081900,0.0,0.0,0.0
2023-08-30 00:00:00-04:00,441.95368201207395,444.0773757027363,441.23594261515774,443.428466796875,69053900,0.0,0.0,0.0
2023-08-31 00:00:00-04:00,444.05764517290646,445.2178018783415,442.5927020449346,442.7795104980469,66084600,0.0,0.0,0.0
2023-09-01 00:00:00-04:00,445.55213431808676,446.04372921748,442.1207815172133,443.60540771484375,58875700,0.0,0.0,0.0
2023-09-05 00:00:00-04:00,443.15314457602693,443.47758400451625,441.6193709049352,441.68817138671875,55166200,0.0,0.0,0.0
2023-09-06 00:00:00-04:00,440.86231023415394,440.97047671696384,436.34947255120807,438.7189636230469,70758500,0.0,0.0,0.0
2023-09-07 00:00:00-04:00,435.66123854108594,438.06022416724585,435.30730459849167,437.37200927734375,70355400,0.0,0.0,0.0
2023-09-08 00:00:00-04:00,437.4211582948607,439.59399946223306,437.0573828510668,438.0307312011719,61659700,0.0,0.0,0.0
2023-09-11 00:00:00-04:00,440.70500755221195,441.22609697109795,438.9647723241375,440.9114990234375,60180100,0.0,0.0,0.0
2023-09-12 00:00:00-04:00,439.43674280474767,440.9901696624027,437.9029689436693,438.49285888671875,67565400,0.0,0.0,0.0
2023-09-13 00:00:00-04:00,438.71898640854533,440.1839297181132,437.5981355509299,439.0041198730469,60199300,0.0,0.0,0.0
2023-09-14 00:00:00-04:00,441.52104393887925,443.49723500356646,440.19373172825163,442.7893371582031,83430800,0.0,0.0,0.0
2023-09-15 00:00:00-04:00,441.1741869824528,441.50964702412193,437.01048982581955,437.4544677734375,111761400,1.583,0.0,0.0
2023-09-18 00:00:00-04:00,437.1387506349778,439.0331469652501,436.65529792133475,437.7110290527344,55752200,0.0,0.0,0.0
2023-09-19 00:00:00-04:00,436.77368516063774,437.375562100141,434.07025231575506,436.80328369140625,66514600,0.0,0.0,0.0
2023-09-20 00:00:00-04:00,438.0860070781,438.51026277113107,432.5804388419074,432.78765869140625,82562600,0.0,0.0,0.0
2023-09-21 00:00:00-04:00,429.88683124377184,430.1532180197788,425.4764695118773,425.63433837890625,103976100,0.0,0.0,0.0
2023-09-22 00:00:00-04:00,426.680221464142,428.3082009792157,424.2530213474332,424.67730712890625,100829700,0.0,0.0,0.0
2023-09-25 00:00:00-04:00,423.443964143402,426.5025794002626,422.99995606525994,426.463134765625,70874500,0.0,0.0,0.0
2023-09-26 00:00:00-04:00,423.3650086925265,424.0852797550312,419.3493040596931,420.1978454589844,96168400,0.0,0.0,0.0
2023-09-27 00:00:00-04:00,421.39170267577185,421.96398109757064,416.6557569822516,420.3655700683594,104705800,0.0,0.0,0.0
2023-09-28 00:00:00-04:00,419.80322441230777,424.50957187081406,419.20134742115545,422.8026428222656,92258300,0.0,0.0,0.0
2023-09-29 00:00:00-04:00,425.9106495023747,426.08824070644965,420.2274900886897,421.77655029296875,115078500,0.0,0.0,0.0
2023-10-02 00:00:00-04:00,420.9279683212095,422.88156170939527,418.79678374602724,421.6087646484375,83798600,0.0,0.0,0.0
2023-10-03 00:00:00-04:00,419.38879190468685,421.66796917605046,414.5738966803731,415.965087890625,103760600,0.0,0.0,0.0
2023-10-04 00:00:00-04:00,416.4387306501877,419.75388692883104,414.9488675015295,418.9941711425781,87453000,0.0,0.0,0.0
2023-10-05 00:00:00-04:00,418.698157143642,419.69469131783825,415.55074595514293,418.8363037109375,70142700,0.0,0.0,0.0
2023-10-06 00:00:00-04:00,416.3400138508027,425.37780336314614,414.9882974150008,423.80902099609375,113202700,0.0,0.0,0.0
2023-10-09 00:00:00-04:00,421.87515862202014,427.10446339698456,421.312786520276,426.5223388671875,80374400,0.0,0.0,0.0
2023-10-10 00:00:00-04:00,427.1636509919115,431.3865453756496,426.7591176611057,428.7423095703125,78607300,0.0,0.0,0.0
2023-10-11 00:00:00-04:00,429.8276760240284,430.7551067786916,427.4004758313918,430.49859619140625,62451700,0.0,0.0,0.0
2023-10-12 00:00:00-04:00,431.12016676643947,431.5049476769219,425.47648256623086,427.8740539550781,81154200,0.0,0.0,0.0
2023-10-13 00:00:00-04:00,429.40335105017243,430.6268272495128,424.1444780001048,425.74285888671875,95143100,0.0,0.0,0.0
2023-10-16 00:00:00-04:00,428.0319084448423,431.3076196777135,427.78524398653104,430.2222900390625,75433200,0.0,0.0,0.0
2023-10-17 00:00:00-04:00,427.03538189659844,432.2942851019679,426.6801995233889,430.2025451660156,75324700,0.0,0.0,0.0
2023-10-18 00:00:00-04:00,428.39700211111244,429.3737838106928,423.3650407273647,424.4700927734375,93559800,0.0,0.0,0.0
2023-10-19 00:00:00-04:00,425.2002218842738,427.0452672868219,420.049866589208,420.7405090332031,121323000,0.0,0.0,0.0
2023-10-20 00:00:00-04:00,420.29653424283646,420.84906024638394,415.4618865461823,415.5704345703125,123845800,0.0,0.0,0.0
2023-10-23 00:00:00-04:00,414.0114934816397,418.7869440592636,412.2256451496376,414.85015869140625,92035100,0.0,0.0,0.0
2023-10-24 00:00:00-04:00,417.01093921167825,419.15200002007634,415.12641908264436,417.9778747558594,78564200,0.0,0.0,0.0
2023-10-25 00:00:00-04:00,416.2610641217707,416.2906626506737,411.45601545353634,411.97894287109375,94223200,0.0,0.0,0.0
2023-10-26 00:00:00-04:00,410.893674525731,411.7619081427824,406.1083779212611,407.0456848144531,115156800,0.0,0.0,0.0
2023-10-27 00:00:00-04:00,408.66380111022295,409.0683344259454,403.75023437213775,405.20062255859375,107367700,0.0,0.0,0.0
2023-10-30 00:00:00-04:00,408.0422516196983,411.1206195473876,406.72013360513483,410.045166015625,86562700,0.0,0.0,0.0
2023-10-31 00:00:00-04:00,410.6272626544046,412.94591465711994,408.6835454577124,412.6203308105469,79665200,0.0,0.0,0.0
2023-11-01 00:00:00-04:00,413.6069852377788,417.84960197398897,413.0643053507884,417.02081298828125,98068100,0.0,0.0,0.0
2023-11-02 00:00:00-04:00,420.8885337630543,425.1706557499963,420.8688114438632,425.0127868652344,94938900,0.0,0.0,0.0
2023-11-03 00:00:00-04:00,427.3610425504554,430.46900909730465,427.2327721981988,428.8903503417969,100110800,0.0,0.0,0.0
2023-11-06 00:00:00-05:00,429.6598871975982,430.33080729669194,427.89376124784746,429.876953125,67831700,0.0,0.0,0.0
2023-11-07 00:00:00-05:00,429.87695674568414,431.75160061972144,428.7127077209082,431.10040283203125,64256100,0.0,0.0,0.0
2023-11-08 00:00:00-05:00,431.7121535397133,432.2449572384038,429.06791758539845,431.4161682128906,61746000,0.0,0.0,0.0
2023-11-09 00:00:00-05:00,432.58039163622567,432.6198663809289,427.61750388167593,428.0516357421875,83174400,0.0,0.0,0.0
2023-11-10 00:00:00-05:00,430.1630922570822,435.0470304572165,428.0417538308342,434.7312927246094,89462200,0.0,0.0,0.0
2023-11-13 00:00:00-05:00,433.3697723868092,435.44172994647585,432.57058187427253,434.31695556640625,52236100,0.0,0.0,0.0
2023-11-14 00:00:00-05:00,440.36516231608795,444.0552532364906,440.1382201587419,442.7430114746094,97176900,0.0,0.0,0.0
2023-11-15 00:00:00-05:00,444.10455350351936,445.35762825240766,442.8120341198501,443.6802978515625,77327600,0.0,0.0,0.0
2023-11-16 00:00:00-05:00,443.22645784072364,444.54857579795816,442.1411281413791,444.2229919433594,66665800,0.0,0.0,0.0
2023-11-17 00:00:00-05:00,444.23280231650654,445.3970814151082,443.29549546414216,444.7754821777344,83133200,0.0,0.0,0.0
2023-11-20 00:00:00-05:00,444.51900428036333,449.0576368650052,444.509128065548,448.1992492675781,69936200,0.0,0.0,0.0
2023-11-21 00:00:00-05:00,447.13361651229604,448.0709535543675,445.9298926789875,447.222412109375,49244600,0.0,0.0,0.0
2023-11-22 00:00:00-05:00,448.90962152566186,450.2909365615612,447.8341680294828,448.9490661621094,59394900,0.0,0.0,0.0
2023-11-24 00:00:00-05:00,448.9983687401641,449.42262436432884,448.662908704052,449.22528076171875,29737400,0.0,0.0,0.0
2023-11-27 00:00:00-05:00,448.58400526327097,449.41279428057214,448.0216030374707,448.4162902832031,50506000,0.0,0.0,0.0
2023-11-28 00:00:00-05:00,448.02159479363024,450.1823779494953,447.44934647450293,448.8602600097656,62115000,0.0,0.0,0.0
2023-11-29 00:00:00-05:00,451.050644596916,452.2050475670846,448.14002191214746,448.5445251464844,63146000,0.0,0.0,0.0
2023-11-30 00:00:00-05:00,449.4029300641163,450.6658509124953,447.2914678041033,450.3106384277344,79752700,0.0,0.0,0.0
2023-12-01 00:00:00-05:00,449.6890522819171,453.5172896838072,449.08720542656886,452.9746398925781,89097900,0.0,0.0,0.0
2023-12-04 00:00:00-05:00,449.52134825290625,452.99437324426606,448.27814965530376,450.5968017578125,72430900,0.0,0.0,0.0
2023-12-05 00:00:00-05:00,449.1858472268771,451.48474669100796,448.8010362254024,450.5079650878906,69793500,0.0,0.0,0.0
2023-12-06 00:00:00-05:00,452.68848766564,452.71808619684896,448.2485273218482,448.6925354003906,69124700,0.0,0.0,0.0
2023-12-07 00:00:00-05:00,450.81384585502923,452.77728535861246,450.2021228002691,452.1162414550781,66995400,0.0,0.0,0.0
2023-12-08 00:00:00-05:00,451.35650398294894,454.60261682920384,451.10983951369815,454.0599670410156,83080900,0.0,0.0,0.0
2023-12-11 00:00:00-05:00,453.5567487972434,456.00367110133203,453.33968286615163,455.8260498046875,65002200,0.0,0.0,0.0
2023-12-12 00:00:00-05:00,455.4708822969885,458.00660027695125,454.45462588425755,457.9079284667969,68327600,0.0,0.0,0.0
2023-12-13 00:00:00-05:00,458.29271066461183,464.4790748647245,457.9276520653878,464.2225341796875,93278000,0.0,0.0,0.0
2023-12-14 00:00:00-05:00,466.1958245273884,467.40942449765083,462.9891865809037,465.7123718261719,119026000,0.0,0.0,0.0
2023-12-15 00:00:00-05:00,465.1040960938248,466.30281425087225,463.063342675489,464.9455871582031,141319300,1.906,0.0,0.0
2023-12-18 00:00:00-05:00,466.5802321308029,468.56154862512165,465.5004182692981,467.56097412109375,70375300,0.0,0.0,0.0
2023-12-19 00:00:00-05:00,468.1157262236858,470.4834138746896,468.03648686859515,470.4041442871094,55761800,0.0,0.0,0.0
2023-12-20 00:00:00-05:00,469.53232284946,471.4542020567125,463.44969760007865,463.8855895996094,102921000,0.0,0.0,0.0
2023-12-21 00:00:00-05:00,466.9269220234241,468.56153226013896,464.4601927485473,468.2841491699219,86667500,0.0,0.0,0.0
2023-12-22 00:00:00-05:00,469.4332800009819,470.93909981332763,467.2934848942078,469.2252502441406,67126600,0.0,0.0,0.0
2023-12-26 00:00:00-05:00,469.64131639415166,472.12784779238996,469.5620468119641,471.20654296875,55387000,0.0,0.0,0.0
2023-12-27 00:00:00-05:00,470.9985212206187,472.2071253933594,470.45367132189864,472.05853271484375,68000300,0.0,0.0,0.0
2023-12-28 00:00:00-05:00,472.4250743953043,473.088798441046,471.81087116521917,472.2368469238281,77158100,0.0,0.0,0.0
2023-12-29 00:00:00-05:00,472.03872040757216,472.5736843056148,468.8785183017572,470.8697509765625,122234100,0.0,0.0,0.0
